filename,label
Te-gl_1.jpg,meningioma
Te-gl_10.jpg,glioma
Te-gl_100.jpg,glioma
Te-gl_101.jpg,glioma
Te-gl_102.jpg,notumor
Te-gl_103.jpg,glioma
Te-gl_104.jpg,glioma
Te-gl_105.jpg,glioma
Te-gl_106.jpg,meningioma
Te-gl_107.jpg,glioma
Te-gl_108.jpg,glioma
Te-gl_109.jpg,meningioma
Te-gl_11.jpg,glioma
Te-gl_110.jpg,glioma
Te-gl_111.jpg,glioma
Te-gl_112.jpg,glioma
Te-gl_113.jpg,glioma
Te-gl_114.jpg,glioma
Te-gl_115.jpg,notumor
Te-gl_116.jpg,glioma
Te-gl_117.jpg,glioma
Te-gl_118.jpg,glioma
Te-gl_119.jpg,glioma
Te-gl_12.jpg,glioma
Te-gl_120.jpg,glioma
Te-gl_121.jpg,glioma
Te-gl_122.jpg,glioma
Te-gl_123.jpg,glioma
Te-gl_124.jpg,glioma
Te-gl_125.jpg,glioma
Te-gl_126.jpg,meningioma
Te-gl_127.jpg,glioma
Te-gl_128.jpg,glioma
Te-gl_129.jpg,notumor
Te-gl_13.jpg,glioma
Te-gl_130.jpg,glioma
Te-gl_131.jpg,glioma
Te-gl_132.jpg,glioma
Te-gl_133.jpg,notumor
Te-gl_134.jpg,glioma
Te-gl_135.jpg,glioma
Te-gl_136.jpg,glioma
Te-gl_137.jpg,glioma
Te-gl_138.jpg,glioma
Te-gl_139.jpg,glioma
Te-gl_14.jpg,glioma
Te-gl_140.jpg,meningioma
Te-gl_141.jpg,glioma
Te-gl_142.jpg,glioma
Te-gl_143.jpg,notumor
Te-gl_144.jpg,notumor
Te-gl_145.jpg,glioma
Te-gl_146.jpg,glioma
Te-gl_147.jpg,glioma
Te-gl_148.jpg,glioma
Te-gl_149.jpg,glioma
Te-gl_15.jpg,pituitary
Te-gl_150.jpg,glioma
Te-gl_151.jpg,meningioma
Te-gl_152.jpg,glioma
Te-gl_153.jpg,glioma
Te-gl_154.jpg,glioma
Te-gl_155.jpg,glioma
Te-gl_156.jpg,glioma
Te-gl_157.jpg,glioma
Te-gl_158.jpg,glioma
Te-gl_159.jpg,notumor
Te-gl_16.jpg,glioma
Te-gl_160.jpg,meningioma
Te-gl_161.jpg,glioma
Te-gl_162.jpg,glioma
Te-gl_163.jpg,glioma
Te-gl_164.jpg,glioma
Te-gl_165.jpg,glioma
Te-gl_166.jpg,notumor
Te-gl_167.jpg,notumor
Te-gl_168.jpg,glioma
Te-gl_169.jpg,glioma
Te-gl_17.jpg,glioma
Te-gl_170.jpg,meningioma
Te-gl_171.jpg,notumor
Te-gl_172.jpg,glioma
Te-gl_173.jpg,glioma
Te-gl_174.jpg,glioma
Te-gl_175.jpg,glioma
Te-gl_176.jpg,glioma
Te-gl_177.jpg,glioma
Te-gl_178.jpg,meningioma
Te-gl_179.jpg,glioma
Te-gl_18.jpg,glioma
Te-gl_180.jpg,glioma
Te-gl_181.jpg,meningioma
Te-gl_182.jpg,glioma
Te-gl_183.jpg,glioma
Te-gl_184.jpg,glioma
Te-gl_185.jpg,glioma
Te-gl_186.jpg,glioma
Te-gl_187.jpg,notumor
Te-gl_188.jpg,glioma
Te-gl_189.jpg,meningioma
Te-gl_19.jpg,glioma
Te-gl_190.jpg,glioma
Te-gl_191.jpg,glioma
Te-gl_192.jpg,glioma
Te-gl_193.jpg,glioma
Te-gl_194.jpg,glioma
Te-gl_195.jpg,glioma
Te-gl_196.jpg,meningioma
Te-gl_197.jpg,glioma
Te-gl_198.jpg,glioma
Te-gl_199.jpg,meningioma
Te-gl_2.jpg,glioma
Te-gl_20.jpg,glioma
Te-gl_200.jpg,glioma
Te-gl_201.jpg,glioma
Te-gl_202.jpg,glioma
Te-gl_203.jpg,glioma
Te-gl_204.jpg,notumor
Te-gl_205.jpg,meningioma
Te-gl_206.jpg,glioma
Te-gl_207.jpg,glioma
Te-gl_208.jpg,glioma
Te-gl_209.jpg,glioma
Te-gl_21.jpg,glioma
Te-gl_210.jpg,glioma
Te-gl_211.jpg,glioma
Te-gl_212.jpg,meningioma
Te-gl_213.jpg,glioma
Te-gl_214.jpg,glioma
Te-gl_215.jpg,meningioma
Te-gl_216.jpg,glioma
Te-gl_217.jpg,glioma
Te-gl_218.jpg,notumor
Te-gl_219.jpg,glioma
Te-gl_22.jpg,glioma
Te-gl_220.jpg,glioma
Te-gl_221.jpg,glioma
Te-gl_222.jpg,glioma
Te-gl_223.jpg,glioma
Te-gl_224.jpg,glioma
Te-gl_225.jpg,glioma
Te-gl_226.jpg,glioma
Te-gl_227.jpg,glioma
Te-gl_228.jpg,notumor
Te-gl_229.jpg,meningioma
Te-gl_23.jpg,meningioma
Te-gl_230.jpg,glioma
Te-gl_231.jpg,glioma
Te-gl_232.jpg,glioma
Te-gl_233.jpg,glioma
Te-gl_234.jpg,glioma
Te-gl_235.jpg,glioma
Te-gl_236.jpg,glioma
Te-gl_237.jpg,glioma
Te-gl_238.jpg,meningioma
Te-gl_239.jpg,glioma
Te-gl_24.jpg,glioma
Te-gl_240.jpg,glioma
Te-gl_241.jpg,glioma
Te-gl_242.jpg,glioma
Te-gl_243.jpg,glioma
Te-gl_244.jpg,glioma
Te-gl_245.jpg,glioma
Te-gl_246.jpg,glioma
Te-gl_247.jpg,meningioma
Te-gl_248.jpg,glioma
Te-gl_249.jpg,glioma
Te-gl_25.jpg,glioma
Te-gl_250.jpg,glioma
Te-gl_251.jpg,glioma
Te-gl_252.jpg,glioma
Te-gl_253.jpg,glioma
Te-gl_254.jpg,glioma
Te-gl_255.jpg,glioma
Te-gl_256.jpg,glioma
Te-gl_257.jpg,glioma
Te-gl_258.jpg,glioma
Te-gl_259.jpg,notumor
Te-gl_26.jpg,glioma
Te-gl_260.jpg,glioma
Te-gl_261.jpg,glioma
Te-gl_262.jpg,glioma
Te-gl_263.jpg,glioma
Te-gl_264.jpg,meningioma
Te-gl_265.jpg,glioma
Te-gl_266.jpg,glioma
Te-gl_267.jpg,glioma
Te-gl_268.jpg,glioma
Te-gl_269.jpg,glioma
Te-gl_27.jpg,notumor
Te-gl_270.jpg,glioma
Te-gl_271.jpg,glioma
Te-gl_272.jpg,meningioma
Te-gl_273.jpg,glioma
Te-gl_274.jpg,glioma
Te-gl_275.jpg,meningioma
Te-gl_276.jpg,glioma
Te-gl_277.jpg,notumor
Te-gl_278.jpg,notumor
Te-gl_279.jpg,glioma
Te-gl_28.jpg,glioma
Te-gl_280.jpg,glioma
Te-gl_281.jpg,glioma
Te-gl_282.jpg,glioma
Te-gl_283.jpg,glioma
Te-gl_284.jpg,glioma
Te-gl_285.jpg,glioma
Te-gl_286.jpg,glioma
Te-gl_287.jpg,glioma
Te-gl_288.jpg,glioma
Te-gl_289.jpg,glioma
Te-gl_29.jpg,glioma
Te-gl_290.jpg,glioma
Te-gl_291.jpg,glioma
Te-gl_292.jpg,glioma
Te-gl_293.jpg,glioma
Te-gl_294.jpg,glioma
Te-gl_295.jpg,meningioma
Te-gl_296.jpg,glioma
Te-gl_297.jpg,glioma
Te-gl_298.jpg,glioma
Te-gl_299.jpg,glioma
Te-gl_3.jpg,glioma
Te-gl_30.jpg,meningioma
Te-gl_300.jpg,glioma
Te-gl_301.jpg,glioma
Te-gl_302.jpg,glioma
Te-gl_303.jpg,notumor
Te-gl_304.jpg,glioma
Te-gl_305.jpg,glioma
Te-gl_306.jpg,meningioma
Te-gl_307.jpg,glioma
Te-gl_308.jpg,glioma
Te-gl_309.jpg,glioma
Te-gl_31.jpg,glioma
Te-gl_310.jpg,notumor
Te-gl_311.jpg,glioma
Te-gl_312.jpg,glioma
Te-gl_313.jpg,meningioma
Te-gl_314.jpg,notumor
Te-gl_315.jpg,meningioma
Te-gl_316.jpg,glioma
Te-gl_317.jpg,glioma
Te-gl_318.jpg,notumor
Te-gl_319.jpg,glioma
Te-gl_32.jpg,meningioma
Te-gl_320.jpg,glioma
Te-gl_321.jpg,glioma
Te-gl_322.jpg,glioma
Te-gl_323.jpg,notumor
Te-gl_324.jpg,glioma
Te-gl_325.jpg,glioma
Te-gl_326.jpg,glioma
Te-gl_327.jpg,glioma
Te-gl_328.jpg,glioma
Te-gl_329.jpg,glioma
Te-gl_33.jpg,glioma
Te-gl_330.jpg,notumor
Te-gl_331.jpg,glioma
Te-gl_332.jpg,glioma
Te-gl_333.jpg,glioma
Te-gl_334.jpg,glioma
Te-gl_335.jpg,meningioma
Te-gl_336.jpg,glioma
Te-gl_337.jpg,glioma
Te-gl_338.jpg,meningioma
Te-gl_339.jpg,glioma
Te-gl_34.jpg,glioma
Te-gl_340.jpg,glioma
Te-gl_341.jpg,notumor
Te-gl_342.jpg,glioma
Te-gl_343.jpg,glioma
Te-gl_344.jpg,glioma
Te-gl_345.jpg,glioma
Te-gl_346.jpg,glioma
Te-gl_347.jpg,glioma
Te-gl_348.jpg,glioma
Te-gl_349.jpg,glioma
Te-gl_35.jpg,glioma
Te-gl_350.jpg,notumor
Te-gl_351.jpg,notumor
Te-gl_352.jpg,glioma
Te-gl_353.jpg,glioma
Te-gl_354.jpg,glioma
Te-gl_355.jpg,glioma
Te-gl_356.jpg,glioma
Te-gl_357.jpg,glioma
Te-gl_358.jpg,notumor
Te-gl_359.jpg,glioma
Te-gl_36.jpg,glioma
Te-gl_360.jpg,glioma
Te-gl_361.jpg,glioma
Te-gl_362.jpg,glioma
Te-gl_363.jpg,glioma
Te-gl_364.jpg,glioma
Te-gl_365.jpg,meningioma
Te-gl_366.jpg,glioma
Te-gl_367.jpg,glioma
Te-gl_368.jpg,glioma
Te-gl_369.jpg,glioma
Te-gl_37.jpg,glioma
Te-gl_370.jpg,glioma
Te-gl_371.jpg,glioma
Te-gl_372.jpg,notumor
Te-gl_373.jpg,glioma
Te-gl_374.jpg,glioma
Te-gl_375.jpg,glioma
Te-gl_376.jpg,glioma
Te-gl_377.jpg,glioma
Te-gl_378.jpg,glioma
Te-gl_379.jpg,glioma
Te-gl_38.jpg,glioma
Te-gl_380.jpg,glioma
Te-gl_381.jpg,glioma
Te-gl_382.jpg,glioma
Te-gl_383.jpg,glioma
Te-gl_384.jpg,glioma
Te-gl_385.jpg,glioma
Te-gl_386.jpg,glioma
Te-gl_387.jpg,glioma
Te-gl_388.jpg,glioma
Te-gl_389.jpg,meningioma
Te-gl_39.jpg,notumor
Te-gl_390.jpg,glioma
Te-gl_391.jpg,notumor
Te-gl_392.jpg,glioma
Te-gl_393.jpg,glioma
Te-gl_394.jpg,glioma
Te-gl_395.jpg,glioma
Te-gl_396.jpg,glioma
Te-gl_397.jpg,glioma
Te-gl_398.jpg,glioma
Te-gl_399.jpg,glioma
Te-gl_4.jpg,glioma
Te-gl_40.jpg,glioma
Te-gl_400.jpg,glioma
Te-gl_41.jpg,glioma
Te-gl_42.jpg,glioma
Te-gl_43.jpg,notumor
Te-gl_44.jpg,glioma
Te-gl_45.jpg,glioma
Te-gl_46.jpg,glioma
Te-gl_47.jpg,meningioma
Te-gl_48.jpg,glioma
Te-gl_49.jpg,glioma
Te-gl_5.jpg,glioma
Te-gl_50.jpg,glioma
Te-gl_51.jpg,glioma
Te-gl_52.jpg,glioma
Te-gl_53.jpg,notumor
Te-gl_54.jpg,glioma
Te-gl_55.jpg,glioma
Te-gl_56.jpg,glioma
Te-gl_57.jpg,glioma
Te-gl_58.jpg,meningioma
Te-gl_59.jpg,notumor
Te-gl_6.jpg,glioma
Te-gl_60.jpg,glioma
Te-gl_61.jpg,glioma
Te-gl_62.jpg,notumor
Te-gl_63.jpg,glioma
Te-gl_64.jpg,glioma
Te-gl_65.jpg,glioma
Te-gl_66.jpg,meningioma
Te-gl_67.jpg,meningioma
Te-gl_68.jpg,meningioma
Te-gl_69.jpg,glioma
Te-gl_7.jpg,glioma
Te-gl_70.jpg,glioma
Te-gl_71.jpg,glioma
Te-gl_72.jpg,notumor
Te-gl_73.jpg,glioma
Te-gl_74.jpg,meningioma
Te-gl_75.jpg,glioma
Te-gl_76.jpg,meningioma
Te-gl_77.jpg,glioma
Te-gl_78.jpg,notumor
Te-gl_79.jpg,glioma
Te-gl_8.jpg,glioma
Te-gl_80.jpg,glioma
Te-gl_81.jpg,glioma
Te-gl_82.jpg,glioma
Te-gl_83.jpg,glioma
Te-gl_84.jpg,meningioma
Te-gl_85.jpg,glioma
Te-gl_86.jpg,meningioma
Te-gl_87.jpg,meningioma
Te-gl_88.jpg,glioma
Te-gl_89.jpg,glioma
Te-gl_9.jpg,glioma
Te-gl_90.jpg,glioma
Te-gl_91.jpg,glioma
Te-gl_92.jpg,glioma
Te-gl_93.jpg,glioma
Te-gl_94.jpg,glioma
Te-gl_95.jpg,glioma
Te-gl_96.jpg,glioma
Te-gl_97.jpg,notumor
Te-gl_98.jpg,glioma
Te-gl_99.jpg,glioma
Te-aug-me_1.jpg,meningioma
Te-aug-me_10.jpg,meningioma
Te-aug-me_100.jpg,meningioma
Te-aug-me_101.jpg,meningioma
Te-aug-me_102.jpg,meningioma
Te-aug-me_103.jpg,meningioma
Te-aug-me_11.jpg,meningioma
Te-aug-me_12.jpg,meningioma
Te-aug-me_13.jpg,meningioma
Te-aug-me_14.jpg,meningioma
Te-aug-me_15.jpg,meningioma
Te-aug-me_16.jpg,meningioma
Te-aug-me_17.jpg,meningioma
Te-aug-me_18.jpg,meningioma
Te-aug-me_19.jpg,meningioma
Te-aug-me_2.jpg,meningioma
Te-aug-me_20.jpg,meningioma
Te-aug-me_21.jpg,meningioma
Te-aug-me_22.jpg,meningioma
Te-aug-me_23.jpg,meningioma
Te-aug-me_24.jpg,meningioma
Te-aug-me_25.jpg,meningioma
Te-aug-me_26.jpg,meningioma
Te-aug-me_27.jpg,meningioma
Te-aug-me_28.jpg,meningioma
Te-aug-me_29.jpg,meningioma
Te-aug-me_3.jpg,meningioma
Te-aug-me_30.jpg,meningioma
Te-aug-me_31.jpg,meningioma
Te-aug-me_32.jpg,meningioma
Te-aug-me_33.jpg,meningioma
Te-aug-me_34.jpg,meningioma
Te-aug-me_35.jpg,pituitary
Te-aug-me_36.jpg,meningioma
Te-aug-me_37.jpg,meningioma
Te-aug-me_38.jpg,meningioma
Te-aug-me_39.jpg,meningioma
Te-aug-me_4.jpg,meningioma
Te-aug-me_40.jpg,meningioma
Te-aug-me_41.jpg,meningioma
Te-aug-me_42.jpg,meningioma
Te-aug-me_43.jpg,meningioma
Te-aug-me_44.jpg,meningioma
Te-aug-me_45.jpg,meningioma
Te-aug-me_46.jpg,meningioma
Te-aug-me_47.jpg,meningioma
Te-aug-me_48.jpg,meningioma
Te-aug-me_49.jpg,meningioma
Te-aug-me_5.jpg,meningioma
Te-aug-me_50.jpg,meningioma
Te-aug-me_51.jpg,meningioma
Te-aug-me_52.jpg,meningioma
Te-aug-me_53.jpg,meningioma
Te-aug-me_54.jpg,meningioma
Te-aug-me_55.jpg,meningioma
Te-aug-me_56.jpg,meningioma
Te-aug-me_57.jpg,meningioma
Te-aug-me_58.jpg,meningioma
Te-aug-me_59.jpg,meningioma
Te-aug-me_6.jpg,meningioma
Te-aug-me_60.jpg,meningioma
Te-aug-me_61.jpg,meningioma
Te-aug-me_62.jpg,meningioma
Te-aug-me_63.jpg,meningioma
Te-aug-me_64.jpg,meningioma
Te-aug-me_65.jpg,meningioma
Te-aug-me_66.jpg,meningioma
Te-aug-me_67.jpg,meningioma
Te-aug-me_68.jpg,meningioma
Te-aug-me_69.jpg,meningioma
Te-aug-me_7.jpg,meningioma
Te-aug-me_70.jpg,meningioma
Te-aug-me_71.jpg,meningioma
Te-aug-me_72.jpg,meningioma
Te-aug-me_73.jpg,meningioma
Te-aug-me_74.jpg,meningioma
Te-aug-me_75.jpg,meningioma
Te-aug-me_76.jpg,meningioma
Te-aug-me_77.jpg,meningioma
Te-aug-me_78.jpg,meningioma
Te-aug-me_79.jpg,meningioma
Te-aug-me_8.jpg,meningioma
Te-aug-me_80.jpg,meningioma
Te-aug-me_81.jpg,meningioma
Te-aug-me_82.jpg,meningioma
Te-aug-me_83.jpg,meningioma
Te-aug-me_84.jpg,meningioma
Te-aug-me_85.jpg,meningioma
Te-aug-me_86.jpg,meningioma
Te-aug-me_87.jpg,meningioma
Te-aug-me_88.jpg,meningioma
Te-aug-me_89.jpg,meningioma
Te-aug-me_9.jpg,meningioma
Te-aug-me_90.jpg,meningioma
Te-aug-me_91.jpg,meningioma
Te-aug-me_92.jpg,meningioma
Te-aug-me_93.jpg,meningioma
Te-aug-me_94.jpg,meningioma
Te-aug-me_95.jpg,meningioma
Te-aug-me_96.jpg,meningioma
Te-aug-me_97.jpg,meningioma
Te-aug-me_98.jpg,meningioma
Te-aug-me_99.jpg,meningioma
Te-me_1.jpg,meningioma
Te-me_10.jpg,meningioma
Te-me_100.jpg,meningioma
Te-me_101.jpg,meningioma
Te-me_102.jpg,meningioma
Te-me_103.jpg,meningioma
Te-me_104.jpg,meningioma
Te-me_105.jpg,meningioma
Te-me_106.jpg,meningioma
Te-me_107.jpg,meningioma
Te-me_108.jpg,meningioma
Te-me_109.jpg,meningioma
Te-me_11.jpg,meningioma
Te-me_110.jpg,meningioma
Te-me_111.jpg,meningioma
Te-me_112.jpg,meningioma
Te-me_113.jpg,meningioma
Te-me_114.jpg,meningioma
Te-me_115.jpg,meningioma
Te-me_116.jpg,meningioma
Te-me_117.jpg,meningioma
Te-me_118.jpg,meningioma
Te-me_119.jpg,meningioma
Te-me_12.jpg,meningioma
Te-me_120.jpg,meningioma
Te-me_121.jpg,meningioma
Te-me_122.jpg,meningioma
Te-me_123.jpg,meningioma
Te-me_124.jpg,meningioma
Te-me_125.jpg,meningioma
Te-me_126.jpg,meningioma
Te-me_127.jpg,meningioma
Te-me_128.jpg,meningioma
Te-me_129.jpg,meningioma
Te-me_13.jpg,meningioma
Te-me_130.jpg,pituitary
Te-me_131.jpg,meningioma
Te-me_132.jpg,meningioma
Te-me_133.jpg,meningioma
Te-me_134.jpg,meningioma
Te-me_135.jpg,meningioma
Te-me_136.jpg,glioma
Te-me_137.jpg,meningioma
Te-me_138.jpg,meningioma
Te-me_139.jpg,meningioma
Te-me_14.jpg,meningioma
Te-me_140.jpg,meningioma
Te-me_141.jpg,meningioma
Te-me_142.jpg,meningioma
Te-me_143.jpg,meningioma
Te-me_144.jpg,meningioma
Te-me_145.jpg,meningioma
Te-me_146.jpg,meningioma
Te-me_147.jpg,meningioma
Te-me_148.jpg,meningioma
Te-me_149.jpg,meningioma
Te-me_15.jpg,meningioma
Te-me_150.jpg,meningioma
Te-me_151.jpg,meningioma
Te-me_152.jpg,meningioma
Te-me_153.jpg,meningioma
Te-me_154.jpg,meningioma
Te-me_155.jpg,glioma
Te-me_156.jpg,meningioma
Te-me_157.jpg,meningioma
Te-me_158.jpg,meningioma
Te-me_159.jpg,meningioma
Te-me_16.jpg,meningioma
Te-me_160.jpg,meningioma
Te-me_161.jpg,meningioma
Te-me_162.jpg,meningioma
Te-me_163.jpg,meningioma
Te-me_164.jpg,meningioma
Te-me_165.jpg,meningioma
Te-me_166.jpg,meningioma
Te-me_167.jpg,meningioma
Te-me_168.jpg,meningioma
Te-me_169.jpg,pituitary
Te-me_17.jpg,meningioma
Te-me_170.jpg,meningioma
Te-me_171.jpg,meningioma
Te-me_172.jpg,meningioma
Te-me_173.jpg,meningioma
Te-me_174.jpg,meningioma
Te-me_175.jpg,meningioma
Te-me_176.jpg,meningioma
Te-me_177.jpg,meningioma
Te-me_178.jpg,meningioma
Te-me_179.jpg,meningioma
Te-me_18.jpg,meningioma
Te-me_180.jpg,meningioma
Te-me_181.jpg,meningioma
Te-me_182.jpg,meningioma
Te-me_183.jpg,meningioma
Te-me_184.jpg,meningioma
Te-me_185.jpg,meningioma
Te-me_186.jpg,notumor
Te-me_187.jpg,meningioma
Te-me_188.jpg,meningioma
Te-me_189.jpg,meningioma
Te-me_19.jpg,meningioma
Te-me_190.jpg,meningioma
Te-me_191.jpg,meningioma
Te-me_192.jpg,meningioma
Te-me_193.jpg,meningioma
Te-me_194.jpg,meningioma
Te-me_195.jpg,meningioma
Te-me_196.jpg,meningioma
Te-me_197.jpg,meningioma
Te-me_198.jpg,meningioma
Te-me_199.jpg,meningioma
Te-me_2.jpg,meningioma
Te-me_20.jpg,meningioma
Te-me_200.jpg,meningioma
Te-me_201.jpg,meningioma
Te-me_202.jpg,meningioma
Te-me_203.jpg,meningioma
Te-me_204.jpg,meningioma
Te-me_205.jpg,meningioma
Te-me_206.jpg,meningioma
Te-me_207.jpg,meningioma
Te-me_208.jpg,meningioma
Te-me_209.jpg,meningioma
Te-me_21.jpg,meningioma
Te-me_210.jpg,meningioma
Te-me_211.jpg,meningioma
Te-me_212.jpg,meningioma
Te-me_213.jpg,meningioma
Te-me_214.jpg,meningioma
Te-me_215.jpg,meningioma
Te-me_216.jpg,meningioma
Te-me_217.jpg,meningioma
Te-me_218.jpg,meningioma
Te-me_219.jpg,meningioma
Te-me_22.jpg,meningioma
Te-me_220.jpg,meningioma
Te-me_221.jpg,meningioma
Te-me_222.jpg,meningioma
Te-me_223.jpg,meningioma
Te-me_224.jpg,meningioma
Te-me_225.jpg,meningioma
Te-me_226.jpg,meningioma
Te-me_227.jpg,meningioma
Te-me_228.jpg,meningioma
Te-me_229.jpg,meningioma
Te-me_23.jpg,meningioma
Te-me_230.jpg,meningioma
Te-me_231.jpg,meningioma
Te-me_232.jpg,meningioma
Te-me_233.jpg,meningioma
Te-me_234.jpg,meningioma
Te-me_235.jpg,meningioma
Te-me_236.jpg,meningioma
Te-me_237.jpg,meningioma
Te-me_238.jpg,meningioma
Te-me_239.jpg,meningioma
Te-me_24.jpg,meningioma
Te-me_240.jpg,pituitary
Te-me_241.jpg,meningioma
Te-me_242.jpg,meningioma
Te-me_243.jpg,meningioma
Te-me_244.jpg,meningioma
Te-me_245.jpg,meningioma
Te-me_246.jpg,meningioma
Te-me_247.jpg,meningioma
Te-me_248.jpg,meningioma
Te-me_249.jpg,meningioma
Te-me_25.jpg,meningioma
Te-me_250.jpg,meningioma
Te-me_251.jpg,meningioma
Te-me_252.jpg,meningioma
Te-me_253.jpg,meningioma
Te-me_254.jpg,meningioma
Te-me_255.jpg,meningioma
Te-me_256.jpg,meningioma
Te-me_257.jpg,meningioma
Te-me_258.jpg,meningioma
Te-me_259.jpg,meningioma
Te-me_26.jpg,meningioma
Te-me_260.jpg,meningioma
Te-me_261.jpg,meningioma
Te-me_262.jpg,meningioma
Te-me_263.jpg,meningioma
Te-me_264.jpg,meningioma
Te-me_265.jpg,meningioma
Te-me_266.jpg,meningioma
Te-me_267.jpg,meningioma
Te-me_268.jpg,meningioma
Te-me_269.jpg,meningioma
Te-me_27.jpg,meningioma
Te-me_270.jpg,meningioma
Te-me_271.jpg,meningioma
Te-me_272.jpg,meningioma
Te-me_273.jpg,meningioma
Te-me_274.jpg,meningioma
Te-me_275.jpg,meningioma
Te-me_276.jpg,meningioma
Te-me_277.jpg,meningioma
Te-me_278.jpg,meningioma
Te-me_279.jpg,meningioma
Te-me_28.jpg,meningioma
Te-me_280.jpg,meningioma
Te-me_281.jpg,meningioma
Te-me_282.jpg,meningioma
Te-me_283.jpg,meningioma
Te-me_284.jpg,meningioma
Te-me_285.jpg,meningioma
Te-me_286.jpg,meningioma
Te-me_287.jpg,glioma
Te-me_288.jpg,meningioma
Te-me_289.jpg,meningioma
Te-me_29.jpg,meningioma
Te-me_290.jpg,meningioma
Te-me_291.jpg,meningioma
Te-me_292.jpg,meningioma
Te-me_293.jpg,meningioma
Te-me_294.jpg,meningioma
Te-me_295.jpg,meningioma
Te-me_296.jpg,meningioma
Te-me_297.jpg,meningioma
Te-me_3.jpg,notumor
Te-me_30.jpg,meningioma
Te-me_31.jpg,meningioma
Te-me_32.jpg,meningioma
Te-me_33.jpg,meningioma
Te-me_34.jpg,meningioma
Te-me_35.jpg,meningioma
Te-me_36.jpg,meningioma
Te-me_37.jpg,meningioma
Te-me_38.jpg,meningioma
Te-me_39.jpg,meningioma
Te-me_4.jpg,meningioma
Te-me_40.jpg,meningioma
Te-me_41.jpg,meningioma
Te-me_42.jpg,meningioma
Te-me_43.jpg,meningioma
Te-me_44.jpg,meningioma
Te-me_45.jpg,meningioma
Te-me_46.jpg,meningioma
Te-me_47.jpg,meningioma
Te-me_48.jpg,meningioma
Te-me_49.jpg,meningioma
Te-me_5.jpg,meningioma
Te-me_50.jpg,meningioma
Te-me_51.jpg,meningioma
Te-me_52.jpg,meningioma
Te-me_53.jpg,meningioma
Te-me_54.jpg,meningioma
Te-me_55.jpg,meningioma
Te-me_56.jpg,meningioma
Te-me_57.jpg,meningioma
Te-me_58.jpg,meningioma
Te-me_59.jpg,meningioma
Te-me_6.jpg,meningioma
Te-me_60.jpg,meningioma
Te-me_61.jpg,meningioma
Te-me_62.jpg,meningioma
Te-me_63.jpg,meningioma
Te-me_64.jpg,meningioma
Te-me_65.jpg,meningioma
Te-me_66.jpg,meningioma
Te-me_67.jpg,meningioma
Te-me_68.jpg,meningioma
Te-me_69.jpg,meningioma
Te-me_7.jpg,meningioma
Te-me_70.jpg,meningioma
Te-me_71.jpg,meningioma
Te-me_72.jpg,meningioma
Te-me_73.jpg,meningioma
Te-me_74.jpg,meningioma
Te-me_75.jpg,meningioma
Te-me_76.jpg,meningioma
Te-me_77.jpg,meningioma
Te-me_78.jpg,meningioma
Te-me_79.jpg,meningioma
Te-me_8.jpg,meningioma
Te-me_80.jpg,meningioma
Te-me_81.jpg,meningioma
Te-me_82.jpg,meningioma
Te-me_83.jpg,meningioma
Te-me_84.jpg,meningioma
Te-me_85.jpg,meningioma
Te-me_86.jpg,meningioma
Te-me_87.jpg,meningioma
Te-me_88.jpg,meningioma
Te-me_89.jpg,meningioma
Te-me_9.jpg,meningioma
Te-me_90.jpg,meningioma
Te-me_91.jpg,meningioma
Te-me_92.jpg,meningioma
Te-me_93.jpg,meningioma
Te-me_94.jpg,meningioma
Te-me_95.jpg,meningioma
Te-me_96.jpg,meningioma
Te-me_97.jpg,meningioma
Te-me_98.jpg,meningioma
Te-me_99.jpg,meningioma
Te-no_1.jpg,notumor
Te-no_10.jpg,notumor
Te-no_100.jpg,notumor
Te-no_101.jpg,notumor
Te-no_102.jpg,notumor
Te-no_103.jpg,notumor
Te-no_104.jpg,notumor
Te-no_105.jpg,notumor
Te-no_106.jpg,notumor
Te-no_107.jpg,notumor
Te-no_108.jpg,notumor
Te-no_109.jpg,notumor
Te-no_11.jpg,notumor
Te-no_110.jpg,notumor
Te-no_111.jpg,notumor
Te-no_112.jpg,notumor
Te-no_113.jpg,notumor
Te-no_114.jpg,notumor
Te-no_115.jpg,notumor
Te-no_116.jpg,notumor
Te-no_117.jpg,notumor
Te-no_118.jpg,notumor
Te-no_119.jpg,notumor
Te-no_12.jpg,notumor
Te-no_120.jpg,notumor
Te-no_121.jpg,notumor
Te-no_122.jpg,notumor
Te-no_123.jpg,notumor
Te-no_124.jpg,notumor
Te-no_125.jpg,notumor
Te-no_126.jpg,notumor
Te-no_127.jpg,notumor
Te-no_128.jpg,notumor
Te-no_129.jpg,notumor
Te-no_13.jpg,notumor
Te-no_130.jpg,notumor
Te-no_131.jpg,notumor
Te-no_132.jpg,notumor
Te-no_133.jpg,notumor
Te-no_134.jpg,notumor
Te-no_135.jpg,notumor
Te-no_136.jpg,notumor
Te-no_137.jpg,notumor
Te-no_138.jpg,notumor
Te-no_139.jpg,notumor
Te-no_14.jpg,notumor
Te-no_140.jpg,notumor
Te-no_141.jpg,notumor
Te-no_142.jpg,notumor
Te-no_143.jpg,notumor
Te-no_144.jpg,notumor
Te-no_145.jpg,notumor
Te-no_146.jpg,notumor
Te-no_147.jpg,notumor
Te-no_148.jpg,notumor
Te-no_149.jpg,notumor
Te-no_15.jpg,notumor
Te-no_150.jpg,notumor
Te-no_151.jpg,notumor
Te-no_152.jpg,notumor
Te-no_153.jpg,notumor
Te-no_154.jpg,notumor
Te-no_155.jpg,notumor
Te-no_156.jpg,notumor
Te-no_157.jpg,notumor
Te-no_158.jpg,notumor
Te-no_159.jpg,notumor
Te-no_16.jpg,notumor
Te-no_160.jpg,notumor
Te-no_161.jpg,notumor
Te-no_162.jpg,notumor
Te-no_163.jpg,notumor
Te-no_164.jpg,notumor
Te-no_165.jpg,notumor
Te-no_166.jpg,notumor
Te-no_167.jpg,notumor
Te-no_168.jpg,notumor
Te-no_169.jpg,notumor
Te-no_17.jpg,notumor
Te-no_170.jpg,notumor
Te-no_171.jpg,notumor
Te-no_172.jpg,notumor
Te-no_173.jpg,notumor
Te-no_174.jpg,notumor
Te-no_175.jpg,notumor
Te-no_176.jpg,notumor
Te-no_177.jpg,notumor
Te-no_178.jpg,notumor
Te-no_179.jpg,notumor
Te-no_18.jpg,notumor
Te-no_180.jpg,notumor
Te-no_181.jpg,notumor
Te-no_182.jpg,notumor
Te-no_183.jpg,notumor
Te-no_184.jpg,notumor
Te-no_185.jpg,notumor
Te-no_186.jpg,notumor
Te-no_187.jpg,notumor
Te-no_188.jpg,notumor
Te-no_189.jpg,notumor
Te-no_19.jpg,notumor
Te-no_190.jpg,notumor
Te-no_191.jpg,notumor
Te-no_192.jpg,notumor
Te-no_193.jpg,notumor
Te-no_194.jpg,notumor
Te-no_195.jpg,notumor
Te-no_196.jpg,notumor
Te-no_197.jpg,notumor
Te-no_198.jpg,notumor
Te-no_199.jpg,notumor
Te-no_2.jpg,notumor
Te-no_20.jpg,notumor
Te-no_200.jpg,notumor
Te-no_201.jpg,notumor
Te-no_202.jpg,notumor
Te-no_203.jpg,notumor
Te-no_204.jpg,notumor
Te-no_205.jpg,notumor
Te-no_206.jpg,notumor
Te-no_207.jpg,notumor
Te-no_208.jpg,notumor
Te-no_209.jpg,notumor
Te-no_21.jpg,notumor
Te-no_210.jpg,notumor
Te-no_211.jpg,notumor
Te-no_212.jpg,notumor
Te-no_213.jpg,notumor
Te-no_214.jpg,notumor
Te-no_215.jpg,notumor
Te-no_216.jpg,notumor
Te-no_217.jpg,notumor
Te-no_218.jpg,notumor
Te-no_219.jpg,notumor
Te-no_22.jpg,notumor
Te-no_220.jpg,notumor
Te-no_221.jpg,notumor
Te-no_222.jpg,notumor
Te-no_223.jpg,notumor
Te-no_224.jpg,notumor
Te-no_225.jpg,notumor
Te-no_226.jpg,notumor
Te-no_227.jpg,notumor
Te-no_228.jpg,notumor
Te-no_229.jpg,notumor
Te-no_23.jpg,notumor
Te-no_230.jpg,notumor
Te-no_231.jpg,notumor
Te-no_232.jpg,notumor
Te-no_233.jpg,notumor
Te-no_234.jpg,notumor
Te-no_235.jpg,notumor
Te-no_236.jpg,notumor
Te-no_237.jpg,notumor
Te-no_238.jpg,notumor
Te-no_239.jpg,notumor
Te-no_24.jpg,notumor
Te-no_240.jpg,notumor
Te-no_241.jpg,notumor
Te-no_242.jpg,notumor
Te-no_243.jpg,notumor
Te-no_244.jpg,notumor
Te-no_245.jpg,notumor
Te-no_246.jpg,notumor
Te-no_247.jpg,notumor
Te-no_248.jpg,notumor
Te-no_249.jpg,notumor
Te-no_25.jpg,notumor
Te-no_250.jpg,notumor
Te-no_251.jpg,notumor
Te-no_252.jpg,notumor
Te-no_253.jpg,notumor
Te-no_254.jpg,notumor
Te-no_255.jpg,notumor
Te-no_256.jpg,notumor
Te-no_257.jpg,notumor
Te-no_258.jpg,notumor
Te-no_259.jpg,notumor
Te-no_26.jpg,notumor
Te-no_260.jpg,notumor
Te-no_261.jpg,notumor
Te-no_262.jpg,notumor
Te-no_263.jpg,notumor
Te-no_264.jpg,notumor
Te-no_265.jpg,notumor
Te-no_266.jpg,notumor
Te-no_267.jpg,notumor
Te-no_268.jpg,notumor
Te-no_269.jpg,notumor
Te-no_27.jpg,notumor
Te-no_270.jpg,notumor
Te-no_271.jpg,notumor
Te-no_272.jpg,notumor
Te-no_273.jpg,notumor
Te-no_274.jpg,notumor
Te-no_275.jpg,notumor
Te-no_276.jpg,notumor
Te-no_277.jpg,notumor
Te-no_278.jpg,notumor
Te-no_279.jpg,notumor
Te-no_28.jpg,notumor
Te-no_280.jpg,notumor
Te-no_281.jpg,notumor
Te-no_282.jpg,notumor
Te-no_283.jpg,notumor
Te-no_284.jpg,notumor
Te-no_285.jpg,notumor
Te-no_286.jpg,notumor
Te-no_287.jpg,notumor
Te-no_288.jpg,notumor
Te-no_289.jpg,notumor
Te-no_29.jpg,notumor
Te-no_290.jpg,notumor
Te-no_291.jpg,notumor
Te-no_292.jpg,notumor
Te-no_293.jpg,notumor
Te-no_294.jpg,notumor
Te-no_295.jpg,notumor
Te-no_296.jpg,notumor
Te-no_297.jpg,notumor
Te-no_298.jpg,notumor
Te-no_299.jpg,notumor
Te-no_3.jpg,notumor
Te-no_30.jpg,notumor
Te-no_300.jpg,notumor
Te-no_301.jpg,notumor
Te-no_302.jpg,notumor
Te-no_303.jpg,notumor
Te-no_304.jpg,notumor
Te-no_305.jpg,notumor
Te-no_306.jpg,notumor
Te-no_307.jpg,notumor
Te-no_308.jpg,notumor
Te-no_309.jpg,notumor
Te-no_31.jpg,notumor
Te-no_310.jpg,notumor
Te-no_311.jpg,notumor
Te-no_312.jpg,notumor
Te-no_313.jpg,notumor
Te-no_314.jpg,notumor
Te-no_315.jpg,notumor
Te-no_316.jpg,notumor
Te-no_317.jpg,notumor
Te-no_318.jpg,notumor
Te-no_319.jpg,notumor
Te-no_32.jpg,notumor
Te-no_320.jpg,notumor
Te-no_321.jpg,notumor
Te-no_322.jpg,notumor
Te-no_323.jpg,notumor
Te-no_324.jpg,notumor
Te-no_325.jpg,notumor
Te-no_326.jpg,notumor
Te-no_327.jpg,notumor
Te-no_328.jpg,notumor
Te-no_329.jpg,notumor
Te-no_33.jpg,notumor
Te-no_330.jpg,notumor
Te-no_331.jpg,notumor
Te-no_332.jpg,notumor
Te-no_333.jpg,notumor
Te-no_334.jpg,notumor
Te-no_335.jpg,notumor
Te-no_336.jpg,notumor
Te-no_337.jpg,notumor
Te-no_338.jpg,notumor
Te-no_339.jpg,notumor
Te-no_34.jpg,notumor
Te-no_340.jpg,notumor
Te-no_341.jpg,notumor
Te-no_342.jpg,notumor
Te-no_343.jpg,notumor
Te-no_344.jpg,notumor
Te-no_345.jpg,notumor
Te-no_346.jpg,notumor
Te-no_347.jpg,notumor
Te-no_348.jpg,notumor
Te-no_349.jpg,notumor
Te-no_35.jpg,notumor
Te-no_350.jpg,notumor
Te-no_351.jpg,notumor
Te-no_352.jpg,notumor
Te-no_353.jpg,notumor
Te-no_354.jpg,notumor
Te-no_355.jpg,notumor
Te-no_356.jpg,notumor
Te-no_357.jpg,notumor
Te-no_358.jpg,notumor
Te-no_359.jpg,notumor
Te-no_36.jpg,notumor
Te-no_360.jpg,notumor
Te-no_361.jpg,notumor
Te-no_362.jpg,notumor
Te-no_363.jpg,notumor
Te-no_364.jpg,notumor
Te-no_365.jpg,notumor
Te-no_366.jpg,notumor
Te-no_367.jpg,notumor
Te-no_368.jpg,notumor
Te-no_369.jpg,notumor
Te-no_37.jpg,notumor
Te-no_370.jpg,notumor
Te-no_371.jpg,notumor
Te-no_372.jpg,notumor
Te-no_373.jpg,notumor
Te-no_374.jpg,notumor
Te-no_375.jpg,notumor
Te-no_376.jpg,notumor
Te-no_377.jpg,notumor
Te-no_378.jpg,notumor
Te-no_379.jpg,notumor
Te-no_38.jpg,notumor
Te-no_380.jpg,notumor
Te-no_381.jpg,notumor
Te-no_382.jpg,notumor
Te-no_383.jpg,notumor
Te-no_384.jpg,notumor
Te-no_385.jpg,notumor
Te-no_386.jpg,notumor
Te-no_387.jpg,notumor
Te-no_388.jpg,notumor
Te-no_389.jpg,notumor
Te-no_39.jpg,notumor
Te-no_390.jpg,notumor
Te-no_391.jpg,notumor
Te-no_392.jpg,notumor
Te-no_393.jpg,notumor
Te-no_394.jpg,notumor
Te-no_395.jpg,notumor
Te-no_396.jpg,notumor
Te-no_397.jpg,notumor
Te-no_398.jpg,notumor
Te-no_399.jpg,notumor
Te-no_4.jpg,notumor
Te-no_40.jpg,notumor
Te-no_400.jpg,notumor
Te-no_41.jpg,notumor
Te-no_42.jpg,notumor
Te-no_43.jpg,notumor
Te-no_44.jpg,notumor
Te-no_45.jpg,notumor
Te-no_46.jpg,notumor
Te-no_47.jpg,notumor
Te-no_48.jpg,notumor
Te-no_49.jpg,notumor
Te-no_5.jpg,notumor
Te-no_50.jpg,notumor
Te-no_51.jpg,notumor
Te-no_52.jpg,notumor
Te-no_53.jpg,notumor
Te-no_54.jpg,notumor
Te-no_55.jpg,notumor
Te-no_56.jpg,notumor
Te-no_57.jpg,notumor
Te-no_58.jpg,notumor
Te-no_59.jpg,notumor
Te-no_6.jpg,notumor
Te-no_60.jpg,notumor
Te-no_61.jpg,notumor
Te-no_62.jpg,notumor
Te-no_63.jpg,notumor
Te-no_64.jpg,notumor
Te-no_65.jpg,notumor
Te-no_66.jpg,notumor
Te-no_67.jpg,notumor
Te-no_68.jpg,notumor
Te-no_69.jpg,notumor
Te-no_7.jpg,notumor
Te-no_70.jpg,notumor
Te-no_71.jpg,notumor
Te-no_72.jpg,notumor
Te-no_73.jpg,notumor
Te-no_74.jpg,notumor
Te-no_75.jpg,notumor
Te-no_76.jpg,notumor
Te-no_77.jpg,notumor
Te-no_78.jpg,notumor
Te-no_79.jpg,notumor
Te-no_8.jpg,notumor
Te-no_80.jpg,notumor
Te-no_81.jpg,notumor
Te-no_82.jpg,notumor
Te-no_83.jpg,notumor
Te-no_84.jpg,notumor
Te-no_85.jpg,notumor
Te-no_86.jpg,notumor
Te-no_87.jpg,notumor
Te-no_88.jpg,notumor
Te-no_89.jpg,notumor
Te-no_9.jpg,notumor
Te-no_90.jpg,notumor
Te-no_91.jpg,notumor
Te-no_92.jpg,notumor
Te-no_93.jpg,notumor
Te-no_94.jpg,notumor
Te-no_95.jpg,notumor
Te-no_96.jpg,notumor
Te-no_97.jpg,notumor
Te-no_98.jpg,notumor
Te-no_99.jpg,notumor
Te-pi_1.jpg,pituitary
Te-pi_10.jpg,pituitary
Te-pi_100.jpg,pituitary
Te-pi_101.jpg,pituitary
Te-pi_102.jpg,pituitary
Te-pi_103.jpg,pituitary
Te-pi_104.jpg,pituitary
Te-pi_105.jpg,pituitary
Te-pi_106.jpg,pituitary
Te-pi_107.jpg,pituitary
Te-pi_108.jpg,pituitary
Te-pi_109.jpg,pituitary
Te-pi_11.jpg,pituitary
Te-pi_110.jpg,pituitary
Te-pi_111.jpg,pituitary
Te-pi_112.jpg,pituitary
Te-pi_113.jpg,pituitary
Te-pi_114.jpg,pituitary
Te-pi_115.jpg,pituitary
Te-pi_116.jpg,pituitary
Te-pi_117.jpg,pituitary
Te-pi_118.jpg,pituitary
Te-pi_119.jpg,pituitary
Te-pi_12.jpg,pituitary
Te-pi_120.jpg,pituitary
Te-pi_121.jpg,pituitary
Te-pi_122.jpg,pituitary
Te-pi_123.jpg,pituitary
Te-pi_124.jpg,pituitary
Te-pi_125.jpg,pituitary
Te-pi_126.jpg,pituitary
Te-pi_127.jpg,pituitary
Te-pi_128.jpg,pituitary
Te-pi_129.jpg,pituitary
Te-pi_13.jpg,pituitary
Te-pi_130.jpg,pituitary
Te-pi_131.jpg,pituitary
Te-pi_132.jpg,pituitary
Te-pi_133.jpg,pituitary
Te-pi_134.jpg,pituitary
Te-pi_135.jpg,pituitary
Te-pi_136.jpg,pituitary
Te-pi_137.jpg,pituitary
Te-pi_138.jpg,pituitary
Te-pi_139.jpg,pituitary
Te-pi_14.jpg,pituitary
Te-pi_140.jpg,pituitary
Te-pi_141.jpg,pituitary
Te-pi_142.jpg,pituitary
Te-pi_143.jpg,pituitary
Te-pi_144.jpg,pituitary
Te-pi_145.jpg,pituitary
Te-pi_146.jpg,pituitary
Te-pi_147.jpg,pituitary
Te-pi_148.jpg,pituitary
Te-pi_149.jpg,pituitary
Te-pi_15.jpg,pituitary
Te-pi_150.jpg,pituitary
Te-pi_151.jpg,pituitary
Te-pi_152.jpg,pituitary
Te-pi_153.jpg,pituitary
Te-pi_154.jpg,pituitary
Te-pi_155.jpg,pituitary
Te-pi_156.jpg,pituitary
Te-pi_157.jpg,pituitary
Te-pi_158.jpg,pituitary
Te-pi_159.jpg,pituitary
Te-pi_16.jpg,pituitary
Te-pi_160.jpg,pituitary
Te-pi_161.jpg,pituitary
Te-pi_162.jpg,pituitary
Te-pi_163.jpg,pituitary
Te-pi_164.jpg,pituitary
Te-pi_165.jpg,pituitary
Te-pi_166.jpg,pituitary
Te-pi_167.jpg,pituitary
Te-pi_168.jpg,pituitary
Te-pi_169.jpg,pituitary
Te-pi_17.jpg,pituitary
Te-pi_170.jpg,pituitary
Te-pi_171.jpg,pituitary
Te-pi_172.jpg,pituitary
Te-pi_173.jpg,pituitary
Te-pi_174.jpg,pituitary
Te-pi_175.jpg,pituitary
Te-pi_176.jpg,pituitary
Te-pi_177.jpg,pituitary
Te-pi_178.jpg,pituitary
Te-pi_179.jpg,pituitary
Te-pi_18.jpg,pituitary
Te-pi_180.jpg,pituitary
Te-pi_181.jpg,pituitary
Te-pi_182.jpg,pituitary
Te-pi_183.jpg,pituitary
Te-pi_184.jpg,pituitary
Te-pi_185.jpg,pituitary
Te-pi_186.jpg,pituitary
Te-pi_187.jpg,pituitary
Te-pi_188.jpg,pituitary
Te-pi_189.jpg,pituitary
Te-pi_19.jpg,pituitary
Te-pi_190.jpg,pituitary
Te-pi_191.jpg,pituitary
Te-pi_192.jpg,meningioma
Te-pi_193.jpg,pituitary
Te-pi_194.jpg,pituitary
Te-pi_195.jpg,pituitary
Te-pi_196.jpg,pituitary
Te-pi_197.jpg,pituitary
Te-pi_198.jpg,pituitary
Te-pi_199.jpg,pituitary
Te-pi_2.jpg,pituitary
Te-pi_20.jpg,pituitary
Te-pi_200.jpg,pituitary
Te-pi_201.jpg,pituitary
Te-pi_202.jpg,pituitary
Te-pi_203.jpg,pituitary
Te-pi_204.jpg,pituitary
Te-pi_205.jpg,pituitary
Te-pi_206.jpg,pituitary
Te-pi_207.jpg,pituitary
Te-pi_208.jpg,pituitary
Te-pi_209.jpg,meningioma
Te-pi_21.jpg,pituitary
Te-pi_210.jpg,pituitary
Te-pi_211.jpg,pituitary
Te-pi_212.jpg,pituitary
Te-pi_213.jpg,pituitary
Te-pi_214.jpg,pituitary
Te-pi_215.jpg,pituitary
Te-pi_216.jpg,pituitary
Te-pi_217.jpg,pituitary
Te-pi_218.jpg,pituitary
Te-pi_219.jpg,pituitary
Te-pi_22.jpg,pituitary
Te-pi_220.jpg,pituitary
Te-pi_221.jpg,pituitary
Te-pi_222.jpg,pituitary
Te-pi_223.jpg,pituitary
Te-pi_224.jpg,pituitary
Te-pi_225.jpg,pituitary
Te-pi_226.jpg,pituitary
Te-pi_227.jpg,pituitary
Te-pi_228.jpg,pituitary
Te-pi_229.jpg,pituitary
Te-pi_23.jpg,pituitary
Te-pi_230.jpg,pituitary
Te-pi_231.jpg,pituitary
Te-pi_232.jpg,pituitary
Te-pi_233.jpg,pituitary
Te-pi_234.jpg,pituitary
Te-pi_235.jpg,pituitary
Te-pi_236.jpg,pituitary
Te-pi_237.jpg,pituitary
Te-pi_238.jpg,pituitary
Te-pi_239.jpg,pituitary
Te-pi_24.jpg,pituitary
Te-pi_240.jpg,pituitary
Te-pi_241.jpg,pituitary
Te-pi_242.jpg,pituitary
Te-pi_243.jpg,pituitary
Te-pi_244.jpg,pituitary
Te-pi_245.jpg,pituitary
Te-pi_246.jpg,pituitary
Te-pi_247.jpg,pituitary
Te-pi_248.jpg,pituitary
Te-pi_249.jpg,pituitary
Te-pi_25.jpg,pituitary
Te-pi_250.jpg,pituitary
Te-pi_251.jpg,pituitary
Te-pi_252.jpg,pituitary
Te-pi_253.jpg,pituitary
Te-pi_254.jpg,pituitary
Te-pi_255.jpg,pituitary
Te-pi_256.jpg,pituitary
Te-pi_257.jpg,meningioma
Te-pi_258.jpg,pituitary
Te-pi_259.jpg,pituitary
Te-pi_26.jpg,meningioma
Te-pi_260.jpg,pituitary
Te-pi_261.jpg,pituitary
Te-pi_262.jpg,pituitary
Te-pi_263.jpg,pituitary
Te-pi_264.jpg,pituitary
Te-pi_265.jpg,pituitary
Te-pi_266.jpg,pituitary
Te-pi_267.jpg,pituitary
Te-pi_268.jpg,pituitary
Te-pi_269.jpg,pituitary
Te-pi_27.jpg,pituitary
Te-pi_270.jpg,pituitary
Te-pi_271.jpg,pituitary
Te-pi_272.jpg,pituitary
Te-pi_273.jpg,pituitary
Te-pi_274.jpg,pituitary
Te-pi_275.jpg,pituitary
Te-pi_276.jpg,pituitary
Te-pi_277.jpg,pituitary
Te-pi_278.jpg,pituitary
Te-pi_279.jpg,pituitary
Te-pi_28.jpg,pituitary
Te-pi_280.jpg,pituitary
Te-pi_281.jpg,pituitary
Te-pi_282.jpg,pituitary
Te-pi_283.jpg,pituitary
Te-pi_284.jpg,pituitary
Te-pi_285.jpg,pituitary
Te-pi_286.jpg,pituitary
Te-pi_287.jpg,pituitary
Te-pi_288.jpg,pituitary
Te-pi_289.jpg,pituitary
Te-pi_29.jpg,pituitary
Te-pi_290.jpg,pituitary
Te-pi_291.jpg,pituitary
Te-pi_292.jpg,pituitary
Te-pi_293.jpg,pituitary
Te-pi_294.jpg,pituitary
Te-pi_295.jpg,pituitary
Te-pi_296.jpg,pituitary
Te-pi_297.jpg,pituitary
Te-pi_298.jpg,pituitary
Te-pi_299.jpg,pituitary
Te-pi_3.jpg,pituitary
Te-pi_30.jpg,pituitary
Te-pi_300.jpg,pituitary
Te-pi_301.jpg,pituitary
Te-pi_302.jpg,pituitary
Te-pi_303.jpg,pituitary
Te-pi_304.jpg,pituitary
Te-pi_305.jpg,pituitary
Te-pi_306.jpg,pituitary
Te-pi_307.jpg,pituitary
Te-pi_308.jpg,pituitary
Te-pi_309.jpg,pituitary
Te-pi_31.jpg,pituitary
Te-pi_310.jpg,pituitary
Te-pi_311.jpg,pituitary
Te-pi_312.jpg,pituitary
Te-pi_313.jpg,pituitary
Te-pi_314.jpg,pituitary
Te-pi_315.jpg,pituitary
Te-pi_316.jpg,pituitary
Te-pi_317.jpg,pituitary
Te-pi_318.jpg,pituitary
Te-pi_319.jpg,pituitary
Te-pi_32.jpg,pituitary
Te-pi_320.jpg,pituitary
Te-pi_321.jpg,pituitary
Te-pi_322.jpg,pituitary
Te-pi_323.jpg,meningioma
Te-pi_324.jpg,pituitary
Te-pi_325.jpg,pituitary
Te-pi_326.jpg,pituitary
Te-pi_327.jpg,pituitary
Te-pi_328.jpg,pituitary
Te-pi_329.jpg,pituitary
Te-pi_33.jpg,pituitary
Te-pi_330.jpg,pituitary
Te-pi_331.jpg,pituitary
Te-pi_332.jpg,pituitary
Te-pi_333.jpg,pituitary
Te-pi_334.jpg,pituitary
Te-pi_335.jpg,pituitary
Te-pi_336.jpg,pituitary
Te-pi_337.jpg,pituitary
Te-pi_338.jpg,pituitary
Te-pi_339.jpg,pituitary
Te-pi_34.jpg,pituitary
Te-pi_340.jpg,pituitary
Te-pi_341.jpg,pituitary
Te-pi_342.jpg,pituitary
Te-pi_343.jpg,pituitary
Te-pi_344.jpg,pituitary
Te-pi_345.jpg,pituitary
Te-pi_346.jpg,pituitary
Te-pi_347.jpg,pituitary
Te-pi_348.jpg,pituitary
Te-pi_349.jpg,pituitary
Te-pi_35.jpg,pituitary
Te-pi_350.jpg,pituitary
Te-pi_351.jpg,pituitary
Te-pi_352.jpg,pituitary
Te-pi_353.jpg,pituitary
Te-pi_354.jpg,pituitary
Te-pi_355.jpg,pituitary
Te-pi_356.jpg,pituitary
Te-pi_357.jpg,pituitary
Te-pi_358.jpg,pituitary
Te-pi_359.jpg,pituitary
Te-pi_36.jpg,pituitary
Te-pi_360.jpg,pituitary
Te-pi_361.jpg,pituitary
Te-pi_362.jpg,pituitary
Te-pi_363.jpg,pituitary
Te-pi_364.jpg,pituitary
Te-pi_365.jpg,pituitary
Te-pi_366.jpg,pituitary
Te-pi_367.jpg,pituitary
Te-pi_368.jpg,pituitary
Te-pi_369.jpg,pituitary
Te-pi_37.jpg,pituitary
Te-pi_370.jpg,pituitary
Te-pi_371.jpg,pituitary
Te-pi_372.jpg,pituitary
Te-pi_373.jpg,pituitary
Te-pi_374.jpg,pituitary
Te-pi_375.jpg,pituitary
Te-pi_376.jpg,pituitary
Te-pi_377.jpg,pituitary
Te-pi_378.jpg,pituitary
Te-pi_379.jpg,pituitary
Te-pi_38.jpg,pituitary
Te-pi_380.jpg,pituitary
Te-pi_381.jpg,pituitary
Te-pi_382.jpg,pituitary
Te-pi_383.jpg,pituitary
Te-pi_384.jpg,pituitary
Te-pi_385.jpg,pituitary
Te-pi_386.jpg,pituitary
Te-pi_387.jpg,pituitary
Te-pi_388.jpg,pituitary
Te-pi_389.jpg,pituitary
Te-pi_39.jpg,pituitary
Te-pi_390.jpg,pituitary
Te-pi_391.jpg,pituitary
Te-pi_392.jpg,pituitary
Te-pi_393.jpg,pituitary
Te-pi_394.jpg,pituitary
Te-pi_395.jpg,pituitary
Te-pi_396.jpg,pituitary
Te-pi_397.jpg,pituitary
Te-pi_398.jpg,pituitary
Te-pi_399.jpg,pituitary
Te-pi_4.jpg,pituitary
Te-pi_40.jpg,pituitary
Te-pi_400.jpg,pituitary
Te-pi_41.jpg,pituitary
Te-pi_42.jpg,pituitary
Te-pi_43.jpg,pituitary
Te-pi_44.jpg,pituitary
Te-pi_45.jpg,pituitary
Te-pi_46.jpg,pituitary
Te-pi_47.jpg,pituitary
Te-pi_48.jpg,pituitary
Te-pi_49.jpg,pituitary
Te-pi_5.jpg,pituitary
Te-pi_50.jpg,pituitary
Te-pi_51.jpg,pituitary
Te-pi_52.jpg,pituitary
Te-pi_53.jpg,pituitary
Te-pi_54.jpg,pituitary
Te-pi_55.jpg,pituitary
Te-pi_56.jpg,pituitary
Te-pi_57.jpg,pituitary
Te-pi_58.jpg,pituitary
Te-pi_59.jpg,pituitary
Te-pi_6.jpg,pituitary
Te-pi_60.jpg,pituitary
Te-pi_61.jpg,pituitary
Te-pi_62.jpg,pituitary
Te-pi_63.jpg,pituitary
Te-pi_64.jpg,pituitary
Te-pi_65.jpg,pituitary
Te-pi_66.jpg,pituitary
Te-pi_67.jpg,pituitary
Te-pi_68.jpg,pituitary
Te-pi_69.jpg,pituitary
Te-pi_7.jpg,pituitary
Te-pi_70.jpg,pituitary
Te-pi_71.jpg,pituitary
Te-pi_72.jpg,pituitary
Te-pi_73.jpg,pituitary
Te-pi_74.jpg,pituitary
Te-pi_75.jpg,pituitary
Te-pi_76.jpg,pituitary
Te-pi_77.jpg,pituitary
Te-pi_78.jpg,pituitary
Te-pi_79.jpg,pituitary
Te-pi_8.jpg,meningioma
Te-pi_80.jpg,pituitary
Te-pi_81.jpg,pituitary
Te-pi_82.jpg,pituitary
Te-pi_83.jpg,pituitary
Te-pi_84.jpg,pituitary
Te-pi_85.jpg,pituitary
Te-pi_86.jpg,pituitary
Te-pi_87.jpg,pituitary
Te-pi_88.jpg,pituitary
Te-pi_89.jpg,pituitary
Te-pi_9.jpg,pituitary
Te-pi_90.jpg,pituitary
Te-pi_91.jpg,pituitary
Te-pi_92.jpg,pituitary
Te-pi_93.jpg,pituitary
Te-pi_94.jpg,pituitary
Te-pi_95.jpg,pituitary
Te-pi_96.jpg,pituitary
Te-pi_97.jpg,pituitary
Te-pi_98.jpg,pituitary
Te-pi_99.jpg,pituitary
